,,,"Market-wise Wholesale Arrivals Monthly Analysis for Orange in Nagpur, Maharashtra – September, 2026",,
Market,"Arrivals September, 2026 (Metric Tonnes)","Arrivals August, 2026 (Metric Tonnes)","Arrivals September, 2025 (Metric Tonnes)",Change (Over Previous Month),Change (Over Previous Year)
APMC Hingna,0.3,-,1.0,-,-70.0%
APMC Kamthi ,-,-,0.2,-,-
APMC Nagpur ,520.0,-,5.6,-,9185.7%
Total,520.3,-,6.8,-,-

Note:
Change (Over Previous Month) = [Arrival - Arrival(Over Previous Month)/Arrival(Over Previous Month)] * 100
Change (Over Previous Year) = [Arrival - Arrival(Over Previous Year)/Arrival(Over Previous Year)] * 100

