"opportunity_id","opportunity_name","required_skills","required_resources","min_investment_inr","preferred_locations"
"1","Commercial Mandarin Orange Cultivation (1-Acre High-Density Model)","SKL01,SKL02,SKL03,SKL04","RES01,RES02","175000","Katol, Narkhed, Kalmeshwar, Saoner"
"2","Disease-Free Certified Citrus Nursery","SKL01,SKL04","RES01,RES02,RES04","2000000","Katol, Kalmeshwar, Nagpur"
"3","Micro-Budding Commercial Citrus Propagation Unit","SKL01","RES02,RES04","800000","Katol, Narkhed"
"4","Certified Citrus Rootstock Seed Supply","SKL01,SKL05","RES01,RES07","300000","Katol, Saoner"
"5","Mechanized Custom Hiring Center: Orchard Pruning & Canopy Training","SKL03","RES03","1500000","Katol, Narkhed, Saoner"
"6","Electrostatic Orchard Spraying & Drone Pest Management","SKL04","RES03,RES10","1000000","Narkhed, Warud-Morshi Corridor"
"7","Trichoderma & Bio-Formulations Manufacturing Unit","SKL12","RES05,RES06","800000","Hingna MIDC, Kalmeshwar"
"8","Mechanized Optical Sorting, Grading & 3-Tier Packing Line","SKL06","RES05,RES06,RES11","12000000","Warud-Morshi Corridor, Katol"
"9","Organic Fruit Surface Waxing & Antifungal Coating Line","SKL06","RES05,RES06","1500000","Kalamna APMC, Warud-Morshi Corridor"
"10","Farm-Gate Solar Cold Rooms (10 MT Micro-Cold Storage)","SKL07","RES05,RES12","1200000","Katol, Narkhed"
"11","Ready-to-Serve (RTS) & Carbonated Citrus Bottling Plant","SKL08,SKL09","RES05,RES06,RES08","2800000","Mohpa, Kalmeshwar"
"12","Not-From-Concentrate (NFC) Cold-Pressed Fresh Orange Juice","SKL08,SKL09,SKL15","RES05,RES06,RES08","2500000","Hingna MIDC"
"13","Spray-Dried Mandarin Juice Powder & Instant Premixes","SKL08,SKL10","RES05,RES06","8000000","Butibori MIDC"
"14","Acid Lime Nutri-Jelly & Vitamin-C Fruit Spreads","SKL08,SKL09","RES05,RES08","500000","Hingna MIDC, Nagpur City"
"15","Gourmet Nagpur Orange Marmalade & Artisanal Jams","SKL08,SKL15","RES05,RES08","600000","Hingna MIDC, Nagpur City"
"16","Frozen Citrus Pulp & Bulk Aseptic Puree Processing","SKL08,SKL09","RES05,RES06,RES08","15000000","Butibori MIDC"
"17","Cold-Pressed Orange Peel Essential Oil (D-Limonene) Extraction","SKL11","RES05,RES06,RES09","6000000","Butibori MIDC"
"18","Citrus Pectin Extraction from Processing Waste (Albedo)","SKL11","RES05,RES06,RES09","18000000","Butibori MIDC"
"19","Pelletized Cattle Feed from Dehydrated Citrus Pomace","SKL08,SKL12","RES05,RES06","1500000","Hingna MIDC, Katol"
"20","Citrus Bio-Enzyme Multi-Purpose Cleaning Solutions","SKL12,SKL15","RES05,RES07","200000","Nagpur City"
"21","Ventilated Corrugated Fibreboard (CFB) Box Manufacturing","SKL06,SKL14","RES05,RES06","3500000","Hingna MIDC, Butibori MIDC"
"22","GI-Tagged Nagpur Mandarin Export Aggregation Hub","SKL06,SKL13,SKL14","RES05,RES07,RES12","10000000","MIHAN SEZ & Multi-Modal Logistics"
"23","Citrus Orchard Agri-Tourism & Experiential Farm Stays","SKL03,SKL15","RES01,RES05","2000000","Saoner & Ramtek, Katol"
"24","Reefer Container Transportation Fleet for Citrus","SKL07,SKL14","RES10","8000000","Kalamna APMC, MIHAN SEZ & Multi-Modal Logistics"
"25","Citrus Disease Diagnostic & Leaf Analysis Mobile Clinic","SKL04","RES10","600000","Katol, Nagpur City"
