"id","industry_id","name","description","category","subcategory","investment_level","technology_level","target_market","location_relevance","status","source","source_url"
"1","1","Commercial Mandarin Orange Cultivation (1-Acre High-Density Model)","High-quality commercial cultivation of Nagpur Mandarin (120 trees/acre at 6mx6m spacing) with drip fertigation and Mrig Bahar crop regulation. Total project cost: Rs 1.75L/acre. Financially viable with 18.1% IRR, 2.35 DSCR, 35% capital subsidy, and Rs 30k/yr intercropping income during gestation.","Cultivation & Production","Orchard Development","Low (Rs 1.75 Lakhs/Acre)","Medium (Drip Fertigation)","APMC Mandis, Processors & Gulf Export","High (Katol, Narkhed, Kalmeshwar, Saoner)","validated","National Horticulture Board (NHB) - 1 Acre Bankable Model","http://nhb.gov.in"
"2","1","Disease-Free Certified Citrus Nursery","Production of certified disease-free planting material using ICAR-CCRI Shoot Tip Grafting (STG) and containerized nursery protocol in shade-net houses. Highly profitable due to massive replanting demand across Vidarbha.","Propagation & Nursery","Certified Saplings","Medium (Rs 20-25 Lakhs)","Medium","Orchard Farmers across Maharashtra & MP","High (Katol, Kalmeshwar, Nagpur)","validated","ICAR-CCRI (Licensed STG Protocol)","https://ccri.org.in"
"3","1","Micro-Budding Commercial Citrus Propagation Unit","Fast-track multiplication of commercial citrus cultivars using CCRI micro-budding protocol. Reduces nursery gestation from 18 to 12 months and cuts sapling production cost by 30%.","Propagation & Nursery","Micro-Budding","Low (Rs 8-12 Lakhs)","Medium","Citrus Nursery Owners & Farmers","High (Katol & Narkhed)","validated","ICAR-CCRI Commercialization Agreement","https://ccri.org.in"
"4","1","Certified Citrus Rootstock Seed Supply","Harvesting, extraction, testing and sale of certified Phytophthora-tolerant rootstock seeds (Rangpur Lime, Rough Lemon, Carrizo) for commercial citrus nurseries.","Propagation & Nursery","Rootstock Seeds","Low (Rs 3-5 Lakhs)","Low","Commercial Nurseries in Central India","High (Katol & Saoner)","validated","ICAR-CCRI QRT Report","https://ccri.org.in"
"5","1","Mechanized Custom Hiring Center: Orchard Pruning & Canopy Training","Provision of tractor-mounted hydraulic pruning, hedging and topping equipment to maintain tree framework, prevent canopy shading, and enhance fruit size uniformity.","On-Farm Services","Farm Mechanization","Medium (Rs 15-20 Lakhs)","Medium","Medium & Large Citrus Growers","High (Katol, Narkhed, Saoner)","candidate","ICAR-CCRI Demonstration Trials","https://ccri.org.in"
"6","1","Electrostatic Orchard Spraying & Drone Pest Management","Precision application of micro-nutrients and bio-pesticides using electrostatic sprayers and agricultural drones, achieving 40% reduction in chemical wastage.","On-Farm Services","Precision Agriculture","Medium (Rs 10-18 Lakhs)","High","Citrus Growers & FPOs","High (Narkhed & Warud Corridor)","candidate","ICAR-CCRI Precision Agriculture Trials","https://ccri.org.in"
"7","1","Trichoderma & Bio-Formulations Manufacturing Unit","Commercial production of Trichoderma harzianum and microbial antagonists developed by CCRI for biological control of root rot and Phytophthora gummosis.","Agricultural Inputs","Bio-Pesticides & Inoculants","Low (Rs 8-12 Lakhs)","Medium","Citrus Farmers & Organic Growers","High (Hingna MIDC & Kalmeshwar)","validated","ICAR-CCRI Formulation Licensing","https://ccri.org.in"
"8","1","Mechanized Optical Sorting, Grading & 3-Tier Packing Line","High-throughput optical grading line (5 MT/hour) that washes, cleans, fungicides, sorts by color/size/blemish, waxes, and packs fruit in corrugated CFB boxes.","Post-Harvest & Packaging","Packhouse Infrastructure","High (Rs 1.2-1.5 Crore)","High","Export Traders & Modern Retail Supermarkets","High (Warud / Katol Belt)","validated","APMC Warud Model Packhouse / NHB Norms","http://nhb.gov.in"
"9","1","Organic Fruit Surface Waxing & Antifungal Coating Line","Application of post-harvest stayfresh high-shine wax (2.5%) and lac-based fruit coatings with Bavistin to extend fruit shelf life to 3-4 weeks for domestic long-distance transport.","Post-Harvest & Preservation","Preservation Services","Medium (Rs 15-25 Lakhs)","Medium","Fruit Traders & Aggregators","High (Kalamna APMC / Warud)","candidate","ICAR-CCRI Coating Research","https://ccri.org.in"
"10","1","Farm-Gate Solar Cold Rooms (10 MT Micro-Cold Storage)","Decentralized solar-powered cold rooms located near orchard clusters maintaining 8-10°C and 90-95% RH to eliminate post-harvest distress sales during peak harvest.","Post-Harvest & Storage","Cold Storage","Medium (Rs 12-15 Lakhs)","Medium","Farmer Producer Organizations (FPOs)","High (Katol & Narkhed)","validated","NABARD Farm-Gate Infrastructure Model / NHM","https://nabard.org"
"11","1","Ready-to-Serve (RTS) & Carbonated Citrus Bottling Plant","Commercial bottling of RTS beverages (5-6% real juice) and carbonated citrus soft drinks (15% juice) using Nagpur mandarin and acid lime with FSSAI compliance.","Food & Beverage","Beverage Processing","Medium (Rs 28-35 Lakhs)","Medium","Retail Consumers & HoReCa","High (Mohpa & Kalmeshwar)","validated","ICAR-CCRI Commercialized with Paliwal Udyog","https://ccri.org.in"
"12","1","Not-From-Concentrate (NFC) Cold-Pressed Fresh Orange Juice","Production of 100% pure, natural, cold-pressed fresh orange juice with no added sugar or water, packaged in premium recyclable bottles for urban metro distribution.","Food & Beverage","Premium Beverages","Medium (Rs 25-40 Lakhs)","Medium","Urban D2C Consumers & Supermarkets","High (Hingna MIDC)","validated","MSME Agri-Food Demand Analysis","https://msme.gov.in"
"13","1","Spray-Dried Mandarin Juice Powder & Instant Premixes","High-tech spray drying of clarified Nagpur mandarin juice into free-flowing instant reconstituted powder, retaining over 75% natural Vitamin C and aroma volatiles.","Food & Beverage","Powdered Beverages","High (Rs 80L - 1.5 Crore)","High","Instant Beverage Brands & FMCG Premixes","High (Butibori MIDC)","candidate","ICAR-CCRI QRT Standardization Recommendation","https://ccri.org.in"
"14","1","Acid Lime Nutri-Jelly & Vitamin-C Fruit Spreads","Value-added pectin-gelled fruit confectionery enriched with natural citrus Vitamin C, targeting healthy school-snack and functional confectionery segments.","Food & Beverage","Value-Added Confectionery","Low (Rs 5-10 Lakhs)","Low","Children & Health-Conscious Consumers","High (Nagpur Agri-Business Incubator)","validated","ICAR-CCRI Incubation with Ashok Agro","https://ccri.org.in"
"15","1","Gourmet Nagpur Orange Marmalade & Artisanal Jams","Small-batch production of premium bittersweet orange marmalade utilizing natural shredded peel, targeting gourmet breakfast tables and bakery ingredient supply.","Food & Beverage","Artisan Foods","Low (Rs 6-12 Lakhs)","Low","Gourmet Grocery & Export Retail","High (Nagpur / Hingna MIDC)","validated","MSME Food Processing Cluster","https://msme.gov.in"
"16","1","Frozen Citrus Pulp & Bulk Aseptic Puree Processing","Aseptic extraction, deaeration, and flash pasteurization of citrus pulp packed in 200L aseptic drums for year-round supply to ice cream, bakery, and dairy manufacturers.","Food & Beverage","Industrial Food Ingredients","High (Rs 1.5 - 2.5 Crore)","High","Dairy Companies & Beverage Manufacturers","High (Butibori MIDC)","validated","Food Ingredients Industry Standards","https://mofpi.gov.in"
"17","1","Cold-Pressed Orange Peel Essential Oil (D-Limonene) Extraction","High-value extraction of essential oil from waste citrus peels via mechanical rasping and cold pressing. D-Limonene is widely used in perfumery, cosmetics, and organic solvents.","By-Products & Bio-Economy","Aroma Chemicals","High (Rs 60L - 1.2 Crore)","High","Flavour & Fragrance Houses / Pharma","High (Butibori MIDC)","validated","Chemical & Perfumery Export Market Data","https://ccri.org.in"
"18","1","Citrus Pectin Extraction from Processing Waste (Albedo)","Industrial extraction and drying of high-methoxyl pectin from citrus peel pomace. Serves as an import-substitute gelling agent for domestic jam, jelly, and pharma manufacturing.","By-Products & Bio-Economy","Hydrocolloids","High (Rs 1.8 - 3.0 Crore)","High","Food Processing & Pharmaceutical Industry","High (Butibori MIDC)","candidate","ICAR-CCRI Import Substitution Analysis","https://ccri.org.in"
"19","1","Pelletized Cattle Feed from Dehydrated Citrus Pomace","Zero-waste valorization converting wet juice-processing peel waste into nutritious, high-energy digestible fiber feed pellets for dairy cattle.","By-Products & Bio-Economy","Animal Nutrition","Medium (Rs 15-25 Lakhs)","Medium","Dairy Farmers & Feed Mills in Vidarbha","High (Rural Hingna & Katol)","validated","ICAR-CCRI Waste Utilization Trials","https://ccri.org.in"
"20","1","Citrus Bio-Enzyme Multi-Purpose Cleaning Solutions","Eco-friendly fermentation of fresh orange peels with jaggery and water to produce all-natural, chemical-free enzymes for home cleaning, floor washes, and grease removal.","By-Products & Bio-Economy","Green Homecare","Low (Rs 2-5 Lakhs)","Low","Eco-conscious Urban Consumers (D2C)","High (Nagpur City)","candidate","Green Startups Feasibility Studies","https://startupindia.gov.in"
"21","1","Ventilated Corrugated Fibreboard (CFB) Box Manufacturing","Manufacturing of 5-ply export-grade ventilated corrugated boxes with high burst strength to replace traditional bruising-prone wooden crates for citrus transport.","Packaging & Logistics","Eco-Packaging","Medium (Rs 35-50 Lakhs)","Medium","Orange Exporters, APMC Traders & Packhouses","High (Hingna MIDC / Butibori)","validated","APEDA Packaging Standardization Norms","https://apeda.gov.in"
"22","1","GI-Tagged Nagpur Mandarin Export Aggregation Hub","Aggregation, pre-cooling, barcode tracing, and phytosanitary certification of Grade-A Mrig Bahar crop for export to Gulf and European markets under the GI tag.","Export & Trade","Export Trading","High (Rs 1.0 - 2.0 Crore)","Medium","Middle East, UK, and European Importers","High (MIHAN SEZ / Multi-Modal Cargo)","validated","APEDA Citrus Export Protocol","https://apeda.gov.in"
"23","1","Citrus Orchard Agri-Tourism & Experiential Farm Stays","Developing orchard tourism infrastructure offering fruit-picking trails, blossom blossom tours, farm dinners, and rustic cottages during the winter Ambia harvest.","Tourism & Services","Agri-Tourism","Medium (Rs 20-35 Lakhs)","Low","Urban Tourists, Weekend Travelers & School Groups","High (Ramtek & Katol Orchards)","candidate","Maharashtra Agri-Tourism Policy","https://maharashtratourism.gov.in"
"24","1","Reefer Container Transportation Fleet for Citrus","Dedicated fleet of refrigerated trucks (4-8 MT) equipped with data loggers to transport pre-cooled citrus from Nagpur packhouses to Mumbai/JNPT port and northern metros.","Logistics & Supply Chain","Cold Chain Transport","High (Rs 80L - 1.5 Crore)","Medium","Exporters & Large FMCG Retailers","High (Kalamna / MIHAN Logistics Park)","validated","National Cold Chain Development Guidelines","https://nccd.gov.in"
"25","1","Citrus Disease Diagnostic & Leaf Analysis Mobile Clinic","Mobile testing van equipped with LAMP/PCR diagnostic kits and soil sensors to provide rapid on-farm diagnostics for Phytophthora, greening (HLB), and micro-nutrient deficiencies.","Agritech Services","Diagnostic Services","Low (Rs 6-10 Lakhs)","High","Citrus Orchardists in Vidarbha","High (Katol & Nagpur)","candidate","ICAR-CCRI Diagnostic Kit Commercialization","https://ccri.org.in"
